{"train_losses": [0.7338802456855774, 0.6085016691684723, 0.5477587270736695, 0.5116214764118194, 0.4858492064476013, 0.4677864360809326, 0.45417015433311464, 0.4406144869327545, 0.42891496181488037, 0.42281284332275393, 0.4135455322265625, 0.4084433650970459, 0.4038536620140076, 0.3966464531421661, 0.39352625608444214, 0.38804702043533323, 0.3844006514549255, 0.38080440640449525, 0.3779436337947846, 0.3762483751773834, 0.37303970217704774, 0.37039212822914125, 0.3672826600074768, 0.36519345045089724, 0.362050518989563, 0.3592744743824005, 0.3583716106414795, 0.3561935269832611, 0.3552934467792511, 0.3515804362297058, 0.3522689080238342, 0.35000186443328857, 0.3484068286418915, 0.3456130599975586, 0.3447760581970215, 0.3444495677947998, 0.3427677762508392, 0.34102956771850584, 0.3396764099597931, 0.33785139083862303, 0.33750330686569213, 0.3358903479576111, 0.33444666624069214, 0.3332506048679352, 0.3321755349636078, 0.33027117133140566, 0.32999208092689514, 0.32983539342880247, 0.3287990975379944, 0.3286928880214691, 0.32799492835998534, 0.3272823143005371, 0.32643457293510436, 0.32583659529685977, 0.3250910234451294, 0.3250251376628876, 0.32438719987869263, 0.32449763536453247, 0.324014208316803, 0.3237234282493591, 0.32306692957878114, 0.32284427762031553, 0.32239351749420164, 0.32263213753700254, 0.3229736089706421, 0.32210759043693543, 0.3213907599449158, 0.3216053318977356, 0.3218940997123718, 0.3212303566932678, 0.32094120502471923, 0.32097347974777224, 0.32018827080726625, 0.32127851009368896, 0.3196911084651947, 0.32080915093421936, 0.32086212396621705, 0.3203801822662353, 0.3193299829959869, 0.32011212229728697, 0.3196334421634674, 0.3196990239620209, 0.3195416986942291, 0.32025083363056184, 0.3186017334461212, 0.3185898780822754, 0.3191757607460022, 0.318167165517807, 0.3191209948062897, 0.3194055390357971, 0.3185901367664337, 0.3189262807369232, 0.31907606244087217, 0.31929786920547487, 0.31996860504150393, 0.3186609697341919, 0.3187271666526794, 0.3186471843719482, 0.31908066749572755, 0.3190412747859955], "val_losses": [0.5603178441524506, 0.5105447769165039, 0.4833921641111374, 0.4670192524790764, 0.4556397646665573, 0.4463823586702347, 0.43819722533226013, 0.4331233277916908, 0.4261454567313194, 0.42384903877973557, 0.4177609384059906, 0.4152574837207794, 0.41307635605335236, 0.4092263877391815, 0.4087045416235924, 0.4056936278939247, 0.4053509756922722, 0.4033214673399925, 0.40242481976747513, 0.4002029672265053, 0.39859192073345184, 0.39881981909275055, 0.39744551479816437, 0.3981703519821167, 0.3966866210103035, 0.3969709053635597, 0.3977609798312187, 0.39453092962503433, 0.392391599714756, 0.39525366574525833, 0.393213115632534, 0.3932522311806679, 0.3939751386642456, 0.390817292034626, 0.393553227186203, 0.39290208369493484, 0.3914248049259186, 0.3929413631558418, 0.39196886122226715, 0.392154335975647, 0.3919181451201439, 0.3925362825393677, 0.39450986683368683, 0.3930119201540947, 0.39142801612615585, 0.39358964562416077, 0.39511099457740784, 0.39401719719171524, 0.39472338557243347, 0.39412541687488556, 0.3939770385622978, 0.3951885402202606, 0.3940746337175369, 0.39584971219301224, 0.3948097229003906, 0.3965049982070923, 0.39474520087242126, 0.39475197345018387, 0.3955448195338249, 0.3951394110918045, 0.396516889333725, 0.3962370753288269, 0.39632348716259, 0.3951323851943016, 0.39656616747379303, 0.39743590354919434, 0.3971126154065132, 0.3965354934334755, 0.39691248536109924, 0.39622456580400467, 0.39694131910800934, 0.39668915420770645, 0.39639952033758163, 0.39705193042755127, 0.3971397131681442, 0.39741458743810654, 0.39690421521663666, 0.39711175858974457, 0.3969918414950371, 0.39743025600910187, 0.39718182384967804, 0.39712925255298615, 0.3975020796060562, 0.3976362720131874, 0.397842600941658, 0.3977026417851448, 0.3975970447063446, 0.3975590243935585, 0.39748192578554153, 0.3975231498479843, 0.39749881625175476, 0.3976142033934593, 0.3976833000779152, 0.39761756360530853, 0.39761868119239807, 0.3976754695177078, 0.3976096138358116, 0.39770543575286865, 0.3976326510310173, 0.3977010026574135]}