{"train_losses": [0.3037720501709443, 0.20588116978223509], "val_losses": [0.20010373707522044, 0.2144894701513377]}